{"cameraMode":{"drawMode":0,"name":"Shaded","section":"Shading Mode"},"sceneLighting":false,"audioPlay":false,"sceneViewState":{"m_AlwaysRefresh":false,"showFog":true,"showSkybox":false,"showFlares":true,"showImageEffects":true,"showParticleSystems":true,"showVisualEffectGraphs":true,"m_FxEnabled":true},"in2DMode":false,"pivot":{"x":-1.3553218841552735,"y":20.214330673217775,"z":1.8187932968139649},"rotation":{"x":0.046317245811223987,"y":0.9526633024215698,"z":-0.20046839118003846,"w":0.2217676341533661},"size":28.314109802246095,"orthographic":false}